axis,emittance,norm_emittance
x,5.493766e-08,9.224390e-08
y,5.632119e-08,9.456693e-08
