axis,emittance,norm_emittance
x,5.983736e-06,1.004708e-05
y,5.556847e-06,9.330308e-06
