axis,emittance,norm_emittance
x,6.618380e-08,1.111269e-07
y,6.146215e-08,1.031989e-07
